{"sections":{"slideshow":{"type":"slideshow","blocks":{"slide-1":{"type":"image","settings":{"image":"shopify:\/\/shop_images\/P00918754_d2_9af4b27e-115c-4ee3-9054-f1eadb892b46.jpg","text_position":"middle_center","subheading":"2025","title":"Unsere Bestseller","button_1_text":"Sichern","button_1_link":"shopify:\/\/collections\/bestseller-2025","button_2_text":"","button_2_link":"","text_color":"#ffffff","button_background":"#ffffff","button_text_color":"#000000","overlay_color":"#000000","overlay_opacity":30}}},"block_order":["slide-1"],"settings":{"section_height":"medium","transition_type":"sweep","autoplay":true,"cycle_speed":5,"background":"rgba(0,0,0,0)"}},"featured-collections":{"type":"featured-collections","blocks":{"collection-1":{"type":"collection","settings":{"collection":"bestseller-2025","label":"","button_text":"","button_url":"shopify:\/\/collections\/bestseller-2025"}}},"block_order":["collection-1"],"settings":{"subheading":"BESTSELLER","title":"Kollektion","content":"","products_count":8,"products_per_row":4,"stack_products":true,"show_cta":false,"background":"rgba(0,0,0,0)","text_color":"rgba(0,0,0,0)","button_background":"rgba(0,0,0,0)","button_text_color":"rgba(0,0,0,0)"}},"custom_liquid_xc9HAE":{"type":"custom-liquid","name":"Custom Liquid","settings":{"subheading":"","title":"","liquid":"<!-- sections\/customer-reviews.liquid -->\n<div class=\"customer-reviews-section\">\n  <div class=\"reviews-container\">\n    <!-- Header -->\n    <div class=\"reviews-header\">\n      <h2 class=\"reviews-title\">\n        DEINE<br>\n        ZUFRIEDENHEIT.<br>\n        UNSERE MISSION.\n      <\/h2>\n      <p class=\"reviews-subtitle\">SIEHE WAS ANDERE KUNDEN SAGEN<\/p>\n    <\/div>\n\n    <!-- Reviews Slider -->\n    <div class=\"reviews-slider-wrapper\">\n      <button class=\"slider-nav prev-btn\" id=\"prevBtn\">\n        <svg width=\"28\" height=\"28\" viewBox=\"0 0 24 24\" fill=\"none\">\n          <path d=\"M15 18L9 12L15 6\" stroke=\"currentColor\" stroke-width=\"2.5\" stroke-linecap=\"round\" stroke-linejoin=\"round\"\/>\n        <\/svg>\n      <\/button>\n      \n      <div class=\"reviews-slider\" id=\"reviewsSlider\">\n        <div class=\"review-slide active\">\n          <div class=\"review-card\">\n            <div class=\"review-text\">„Perfekte Passform und sehr bequem. Kann ich nur empfehlen!\"<\/div>\n            <div class=\"review-bottom\">\n              <div class=\"verified-badge\">\n                <span class=\"verified-icon\">✓<\/span>\n                <span>Verifizierte Bewertung<\/span>\n              <\/div>\n              <div class=\"reviewer-info\">\n                <div class=\"reviewer-details\">\n                  <div class=\"reviewer-avatar\">ST<\/div>\n                  <div class=\"reviewer-meta\">\n                    <h4 class=\"reviewer-name\">Sarah T.<\/h4>\n                    <p class=\"review-date\">vor 3 Tagen<\/p>\n                  <\/div>\n                <\/div>\n                <div class=\"review-stars\">\n                  {% for i in (1..5) %}\n                    <span class=\"star\">★<\/span>\n                  {% endfor %}\n                <\/div>\n              <\/div>\n            <\/div>\n          <\/div>\n        <\/div>\n\n        <div class=\"review-slide\">\n          <div class=\"review-card\">\n            <div class=\"review-text\">„Der NN Tracksuit hat echt kranke Qualität und sieht super fresh aus! Werde in Zukunft auf jeden Fall auch bei Villara einkaufen.\"<\/div>\n            <div class=\"review-bottom\">\n              <div class=\"verified-badge\">\n                <span class=\"verified-icon\">✓<\/span>\n                <span>Verifizierte Bewertung<\/span>\n              <\/div>\n              <div class=\"reviewer-info\">\n                <div class=\"reviewer-details\">\n                  <div class=\"reviewer-avatar\">A<\/div>\n                  <div class=\"reviewer-meta\">\n                    <h4 class=\"reviewer-name\">Aleyna<\/h4>\n                    <p class=\"review-date\">vor 1 Woche<\/p>\n                  <\/div>\n                <\/div>\n                <div class=\"review-stars\">\n                  {% for i in (1..5) %}\n                    <span class=\"star\">★<\/span>\n                  {% endfor %}\n                <\/div>\n              <\/div>\n            <\/div>\n          <\/div>\n        <\/div>\n\n        <div class=\"review-slide\">\n          <div class=\"review-card\">\n            <div class=\"review-text\">„quäli ist Crazy gut\"<\/div>\n            <div class=\"review-bottom\">\n              <div class=\"verified-badge\">\n                <span class=\"verified-icon\">✓<\/span>\n                <span>Verifizierte Bewertung<\/span>\n              <\/div>\n              <div class=\"reviewer-info\">\n                <div class=\"reviewer-details\">\n                  <div class=\"reviewer-avatar\">JH<\/div>\n                  <div class=\"reviewer-meta\">\n                    <h4 class=\"reviewer-name\">Julian H.<\/h4>\n                    <p class=\"review-date\">vor 14 Tagen<\/p>\n                  <\/div>\n                <\/div>\n                <div class=\"review-stars\">\n                  {% for i in (1..5) %}\n                    <span class=\"star\">★<\/span>\n                  {% endfor %}\n                <\/div>\n              <\/div>\n            <\/div>\n          <\/div>\n        <\/div>\n\n        <div class=\"review-slide\">\n          <div class=\"review-card\">\n            <div class=\"review-text\">„Schnelle Lieferung und top Qualität! Definitiv weiterzuempfehlen. Bestelle nur noch hier!\"<\/div>\n            <div class=\"review-bottom\">\n              <div class=\"verified-badge\">\n                <span class=\"verified-icon\">✓<\/span>\n                <span>Verifizierte Bewertung<\/span>\n              <\/div>\n              <div class=\"reviewer-info\">\n                <div class=\"reviewer-details\">\n                  <div class=\"reviewer-avatar\">MK<\/div>\n                  <div class=\"reviewer-meta\">\n                    <h4 class=\"reviewer-name\">Marko K.<\/h4>\n                    <p class=\"review-date\">vor 1 Woche<\/p>\n                  <\/div>\n                <\/div>\n                <div class=\"review-stars\">\n                  {% for i in (1..5) %}\n                    <span class=\"star\">★<\/span>\n                  {% endfor %}\n                <\/div>\n              <\/div>\n            <\/div>\n          <\/div>\n        <\/div>\n\n        <div class=\"review-slide\">\n          <div class=\"review-card\">\n            <div class=\"review-text\">„Mega Style und super Qualität! Das Material fühlt sich Premium an. Bin echt begeistert!\"<\/div>\n            <div class=\"review-bottom\">\n              <div class=\"verified-badge\">\n                <span class=\"verified-icon\">✓<\/span>\n                <span>Verifizierte Bewertung<\/span>\n              <\/div>\n              <div class=\"reviewer-info\">\n                <div class=\"reviewer-details\">\n                  <div class=\"reviewer-avatar\">LS<\/div>\n                  <div class=\"reviewer-meta\">\n                    <h4 class=\"reviewer-name\">Luca S.<\/h4>\n                    <p class=\"review-date\">vor 5 Tagen<\/p>\n                  <\/div>\n                <\/div>\n                <div class=\"review-stars\">\n                  {% for i in (1..5) %}\n                    <span class=\"star\">★<\/span>\n                  {% endfor %}\n                <\/div>\n              <\/div>\n            <\/div>\n          <\/div>\n        <\/div>\n\n        <div class=\"review-slide\">\n          <div class=\"review-card\">\n            <div class=\"review-text\">„Endlich mal eine Brand die hält was sie verspricht. Qualität ist wirklich krass und der Support top!\"<\/div>\n            <div class=\"review-bottom\">\n              <div class=\"verified-badge\">\n                <span class=\"verified-icon\">✓<\/span>\n                <span>Verifizierte Bewertung<\/span>\n              <\/div>\n              <div class=\"reviewer-info\">\n                <div class=\"reviewer-details\">\n                  <div class=\"reviewer-avatar\">DM<\/div>\n                  <div class=\"reviewer-meta\">\n                    <h4 class=\"reviewer-name\">Diana M.<\/h4>\n                    <p class=\"review-date\">vor 2 Tagen<\/p>\n                  <\/div>\n                <\/div>\n                <div class=\"review-stars\">\n                  {% for i in (1..5) %}\n                    <span class=\"star\">★<\/span>\n                  {% endfor %}\n                <\/div>\n              <\/div>\n            <\/div>\n          <\/div>\n        <\/div>\n\n        <div class=\"review-slide\">\n          <div class=\"review-card\">\n            <div class=\"review-text\">„Bin mega zufrieden! Passt perfekt und sieht noch besser aus als auf den Bildern. Klare Kaufempfehlung!\"<\/div>\n            <div class=\"review-bottom\">\n              <div class=\"verified-badge\">\n                <span class=\"verified-icon\">✓<\/span>\n                <span>Verifizierte Bewertung<\/span>\n              <\/div>\n              <div class=\"reviewer-info\">\n                <div class=\"reviewer-details\">\n                  <div class=\"reviewer-avatar\">TK<\/div>\n                  <div class=\"reviewer-meta\">\n                    <h4 class=\"reviewer-name\">Tim K.<\/h4>\n                    <p class=\"review-date\">vor 6 Tagen<\/p>\n                  <\/div>\n                <\/div>\n                <div class=\"review-stars\">\n                  {% for i in (1..5) %}\n                    <span class=\"star\">★<\/span>\n                  {% endfor %}\n                <\/div>\n              <\/div>\n            <\/div>\n          <\/div>\n        <\/div>\n\n        <div class=\"review-slide\">\n          <div class=\"review-card\">\n            <div class=\"review-text\">„Hammer Qualität für den Preis! Material ist richtig nice und die Verarbeitung ist perfekt.\"<\/div>\n            <div class=\"review-bottom\">\n              <div class=\"verified-badge\">\n                <span class=\"verified-icon\">✓<\/span>\n                <span>Verifizierte Bewertung<\/span>\n              <\/div>\n              <div class=\"reviewer-info\">\n                <div class=\"reviewer-details\">\n                  <div class=\"reviewer-avatar\">NK<\/div>\n                  <div class=\"reviewer-meta\">\n                    <h4 class=\"reviewer-name\">Nina K.<\/h4>\n                    <p class=\"review-date\">vor 4 Tagen<\/p>\n                  <\/div>\n                <\/div>\n                <div class=\"review-stars\">\n                  {% for i in (1..5) %}\n                    <span class=\"star\">★<\/span>\n                  {% endfor %}\n                <\/div>\n              <\/div>\n            <\/div>\n          <\/div>\n        <\/div>\n      <\/div>\n\n      <button class=\"slider-nav next-btn\" id=\"nextBtn\">\n        <svg width=\"28\" height=\"28\" viewBox=\"0 0 24 24\" fill=\"none\">\n          <path d=\"M9 18L15 12L9 6\" stroke=\"currentColor\" stroke-width=\"2.5\" stroke-linecap=\"round\" stroke-linejoin=\"round\"\/>\n        <\/svg>\n      <\/button>\n    <\/div>\n\n    <!-- Trustpilot Footer -->\n    <div class=\"trustpilot-footer\">\n      <span>basiert auf 1000+ Bewertungen<\/span>\n      <div class=\"trustpilot-logo\">\n        <span class=\"star\">★<\/span>\n        <span>Trustpilot<\/span>\n      <\/div>\n    <\/div>\n  <\/div>\n<\/div>\n\n<style>\n.customer-reviews-section {\n  background: linear-gradient(135deg, #f8f9fa 0%, #e9ecef 100%);\n  padding: 60px 20px 80px; \/* KLEINER PADDING *\/\n  text-align: center;\n  position: relative;\n  overflow: hidden;\n  aspect-ratio: 4\/3; \/* QUADRATISCHER *\/\n  display: flex;\n  align-items: center;\n}\n\n.customer-reviews-section::before {\n  content: '';\n  position: absolute;\n  top: 0;\n  left: 0;\n  right: 0;\n  bottom: 0;\n  background: radial-gradient(circle at 30% 20%, rgba(0, 182, 122, 0.05) 0%, transparent 50%),\n              radial-gradient(circle at 70% 80%, rgba(0, 182, 122, 0.03) 0%, transparent 50%);\n  pointer-events: none;\n}\n\n.reviews-container {\n  max-width: 1400px;\n  margin: 0 auto;\n  position: relative;\n  z-index: 1;\n  width: 100%;\n}\n\n.reviews-header {\n  margin-bottom: 40px; \/* KLEINER MARGIN *\/\n}\n\n.reviews-title {\n  font-size: 44px; \/* KLEINER *\/\n  font-weight: 900;\n  color: #000;\n  line-height: 1.05;\n  margin-bottom: 15px; \/* KLEINER *\/\n  letter-spacing: -2px;\n  text-shadow: 0 2px 4px rgba(0,0,0,0.1);\n  background: linear-gradient(135deg, #000 0%, #333 100%);\n  -webkit-background-clip: text;\n  -webkit-text-fill-color: transparent;\n  background-clip: text;\n}\n\n.reviews-subtitle {\n  font-size: 14px; \/* KLEINER *\/\n  color: #666;\n  margin-bottom: 20px; \/* KLEINER *\/\n  font-weight: 600;\n  letter-spacing: 0.5px;\n  text-transform: uppercase;\n}\n\n.reviews-slider-wrapper {\n  position: relative;\n  display: flex;\n  align-items: center;\n  gap: 30px; \/* KLEINER GAP *\/\n  margin-bottom: 40px; \/* KLEINER MARGIN *\/\n}\n\n.slider-nav {\n  background: linear-gradient(135deg, #fff 0%, #f8f9fa 100%);\n  border: 2px solid #e9ecef;\n  border-radius: 50%;\n  width: 60px; \/* KLEINER *\/\n  height: 60px; \/* KLEINER *\/\n  display: flex;\n  align-items: center;\n  justify-content: center;\n  cursor: pointer;\n  transition: all 0.3s cubic-bezier(0.4, 0, 0.2, 1);\n  color: #333;\n  box-shadow: 0 8px 25px rgba(0,0,0,0.15);\n  position: relative;\n  z-index: 2;\n}\n\n.slider-nav:hover {\n  background: linear-gradient(135deg, #00b67a 0%, #00a066 100%);\n  border-color: #00b67a;\n  color: white;\n  transform: translateY(-2px) scale(1.05);\n  box-shadow: 0 12px 35px rgba(0,182,122,0.4);\n}\n\n.slider-nav:active {\n  transform: translateY(0) scale(0.98);\n}\n\n.reviews-slider {\n  flex: 1;\n  overflow: hidden;\n  position: relative;\n  height: 550px; \/* VIEL GRÖßER! *\/\n  perspective: 1000px;\n}\n\n.review-slide {\n  position: absolute;\n  top: 0;\n  left: 100%;\n  width: 100%;\n  opacity: 0;\n  transform: translateX(100%) rotateY(45deg);\n  transition: all 0.6s cubic-bezier(0.4, 0, 0.2, 1);\n}\n\n.review-slide.active {\n  left: 0;\n  opacity: 1;\n  transform: translateX(0) rotateY(0deg);\n}\n\n.review-slide.prev {\n  left: -100%;\n  transform: translateX(-100%) rotateY(-45deg);\n}\n\n.review-card {\n  background: linear-gradient(135deg, #fff 0%, #fafbfc 100%);\n  border-radius: 32px; \/* GRÖßERE BORDER RADIUS *\/\n  padding: 70px 80px; \/* VIEL GRÖßERES PADDING *\/\n  box-shadow: 0 30px 80px rgba(0,0,0,0.2); \/* STÄRKERer SHADOW *\/\n  max-width: 1000px; \/* GRÖßERE MAX WIDTH *\/\n  margin: 0 auto;\n  text-align: left;\n  position: relative;\n  border: 1px solid rgba(255,255,255,0.8);\n  backdrop-filter: blur(10px);\n  transition: all 0.3s ease;\n  height: 480px; \/* VIEL GRÖßER! *\/\n  display: flex;\n  flex-direction: column;\n  justify-content: space-between;\n  transform: scale(1.05); \/* LEICHT VERGRÖSSERT *\/\n}\n\n.review-card:hover {\n  transform: translateY(-8px) scale(1.05); \/* MEHR MOVEMENT *\/\n  box-shadow: 0 35px 90px rgba(0,0,0,0.25);\n}\n\n.review-card::before {\n  content: '';\n  position: absolute;\n  top: 0;\n  left: 0;\n  right: 0;\n  height: 6px; \/* DICKER *\/\n  background: linear-gradient(90deg, #00b67a 0%, #00d4aa 100%);\n  border-radius: 32px 32px 0 0;\n}\n\n.review-text {\n  font-size: 32px; \/* VIEL GRÖßER! *\/\n  line-height: 1.5;\n  color: #333;\n  font-style: italic;\n  font-weight: 400;\n  position: relative;\n  padding-left: 30px; \/* GRÖßERES PADDING *\/\n  margin: 0;\n  flex-grow: 1;\n  display: flex;\n  align-items: center;\n}\n\n.review-text::before {\n  content: '\"';\n  position: absolute;\n  left: -15px;\n  top: -15px;\n  font-size: 80px; \/* GRÖßER *\/\n  color: #00b67a;\n  opacity: 0.3;\n  font-family: serif;\n}\n\n.review-bottom {\n  margin-top: auto;\n}\n\n.verified-badge {\n  display: flex;\n  align-items: center;\n  gap: 15px; \/* GRÖßERER GAP *\/\n  margin-bottom: 25px; \/* GRÖßERER MARGIN *\/\n  color: #666;\n  font-size: 16px; \/* GRÖßER *\/\n  font-weight: 500;\n}\n\n.verified-icon {\n  background: linear-gradient(135deg, #00b67a 0%, #00d4aa 100%);\n  color: white;\n  border-radius: 50%;\n  width: 28px; \/* GRÖßER *\/\n  height: 28px; \/* GRÖßER *\/\n  display: flex;\n  align-items: center;\n  justify-content: center;\n  font-size: 16px; \/* GRÖßER *\/\n  font-weight: bold;\n  box-shadow: 0 4px 12px rgba(0,182,122,0.3);\n}\n\n.reviewer-info {\n  display: flex;\n  justify-content: space-between;\n  align-items: flex-end;\n  border-top: 2px solid #eee; \/* DICKER BORDER *\/\n  padding-top: 25px; \/* GRÖßERES PADDING *\/\n}\n\n.reviewer-details {\n  display: flex;\n  align-items: center;\n  gap: 22px; \/* GRÖßERER GAP *\/\n}\n\n.reviewer-avatar {\n  width: 70px; \/* GRÖßER *\/\n  height: 70px; \/* GRÖßER *\/\n  border-radius: 50%;\n  background: linear-gradient(135deg, #e9ecef 0%, #dee2e6 100%);\n  display: flex;\n  align-items: center;\n  justify-content: center;\n  font-weight: 700;\n  color: #495057;\n  font-size: 20px; \/* GRÖßER *\/\n  border: 3px solid #fff;\n  box-shadow: 0 6px 20px rgba(0,0,0,0.15); \/* STÄRKERer SHADOW *\/\n}\n\n.reviewer-name {\n  font-size: 20px; \/* GRÖßER *\/\n  font-weight: 700;\n  color: #000;\n  margin: 0;\n  letter-spacing: -0.3px;\n}\n\n.review-date {\n  font-size: 15px; \/* GRÖßER *\/\n  color: #666;\n  margin: 8px 0 0 0; \/* GRÖßERER MARGIN *\/\n  font-weight: 500;\n}\n\n.review-stars {\n  display: flex;\n  gap: 4px; \/* GRÖßERER GAP *\/\n}\n\n.review-stars .star {\n  color: #00b67a;\n  font-size: 24px; \/* GRÖßER *\/\n  filter: drop-shadow(0 3px 6px rgba(0,182,122,0.4)); \/* STÄRKERer SHADOW *\/\n}\n\n.trustpilot-footer {\n  background: linear-gradient(135deg, #000 0%, #2d3436 100%);\n  color: #fff;\n  padding: 18px 28px; \/* KLEINER *\/\n  border-radius: 12px; \/* KLEINER *\/\n  display: flex;\n  justify-content: space-between;\n  align-items: center;\n  max-width: 600px; \/* KLEINER *\/\n  margin: 0 auto;\n  font-size: 14px; \/* KLEINER *\/\n  font-weight: 500;\n  box-shadow: 0 8px 30px rgba(0,0,0,0.25); \/* WENIGER SHADOW *\/\n  position: relative;\n  overflow: hidden;\n}\n\n.trustpilot-footer::before {\n  content: '';\n  position: absolute;\n  top: 0;\n  left: 0;\n  right: 0;\n  height: 3px;\n  background: linear-gradient(90deg, #00b67a 0%, #00d4aa 100%);\n}\n\n.trustpilot-logo {\n  display: flex;\n  align-items: center;\n  gap: 6px; \/* KLEINER *\/\n  font-weight: 700;\n}\n\n.trustpilot-logo .star {\n  color: #00b67a;\n  font-size: 16px; \/* KLEINER *\/\n  filter: drop-shadow(0 2px 4px rgba(0,182,122,0.5));\n}\n\n.star {\n  color: #00b67a;\n  font-size: 24px;\n  filter: drop-shadow(0 2px 4px rgba(0,182,122,0.3));\n}\n\n\/* MOBILE OPTIMIERT - FOCUS AUF BUBBLES! *\/\n@media (max-width: 1200px) {\n  .review-card {\n    max-width: 95%;\n    padding: 60px 70px;\n    height: 450px;\n  }\n}\n\n@media (max-width: 768px) {\n  .customer-reviews-section {\n    padding: 50px 5px 70px; \/* NOCH WENIGER SEITLICHER PADDING *\/\n    aspect-ratio: auto;\n  }\n  \n  .reviews-title {\n    font-size: 36px;\n  }\n  \n  .reviews-slider-wrapper {\n    gap: 5px; \/* MINIMAL GAP *\/\n  }\n  \n  .slider-nav {\n    width: 32px; \/* VIEL KLEINER *\/\n    height: 32px;\n    flex-shrink: 0;\n    position: absolute; \/* ABSOLUTE POSITIONING *\/\n    z-index: 10;\n    top: 50%;\n    transform: translateY(-50%);\n  }\n  \n  .slider-nav.prev-btn {\n    left: 5px; \/* KOMPLETT IN DIE ECKE *\/\n  }\n  \n  .slider-nav.next-btn {\n    right: 5px; \/* KOMPLETT IN DIE ECKE *\/\n  }\n  \n  .slider-nav svg {\n    width: 14px;\n    height: 14px;\n  }\n  \n  .reviews-slider {\n    height: 500px;\n    width: 100%; \/* VOLLE BREITE *\/\n  }\n  \n  .review-card {\n    padding: 40px 35px;\n    height: 450px;\n    max-width: calc(100vw - 20px); \/* MAXIMUM BREITE - NUR 10px MARGIN LINKS\/RECHTS *\/\n    margin: 0 auto;\n    border-radius: 24px;\n    transform: scale(1);\n  }\n  \n  .review-text {\n    font-size: 26px;\n    line-height: 1.4;\n    padding-left: 25px;\n  }\n  \n  .review-text::before {\n    font-size: 65px;\n    left: -12px;\n    top: -12px;\n  }\n  \n  .reviewer-avatar {\n    width: 60px;\n    height: 60px;\n    font-size: 18px;\n  }\n  \n  .reviewer-details {\n    gap: 16px;\n  }\n  \n  .reviewer-name {\n    font-size: 19px;\n  }\n  \n  .review-date {\n    font-size: 15px;\n  }\n  \n  .review-stars .star {\n    font-size: 22px;\n  }\n  \n  .verified-badge {\n    font-size: 16px;\n    gap: 14px;\n  }\n  \n  .verified-icon {\n    width: 26px;\n    height: 26px;\n    font-size: 15px;\n  }\n  \n  .trustpilot-footer {\n    flex-direction: column;\n    gap: 12px;\n    padding: 16px;\n    font-size: 13px;\n  }\n}\n\n@media (max-width: 480px) {\n  .customer-reviews-section {\n    padding: 40px 5px 60px; \/* MINIMAL SEITLICHER PADDING *\/\n  }\n  \n  .reviews-title {\n    font-size: 28px;\n  }\n  \n  .reviews-header {\n    margin-bottom: 30px;\n  }\n  \n  .reviews-slider-wrapper {\n    gap: 0px; \/* KEIN GAP *\/\n    position: relative;\n  }\n  \n  .slider-nav {\n    width: 28px; \/* NOCH KLEINER *\/\n    height: 28px;\n    position: absolute;\n    z-index: 10;\n    top: 50%;\n    transform: translateY(-50%);\n  }\n  \n  .slider-nav.prev-btn {\n    left: 2px; \/* GANZ IN DIE ECKE *\/\n  }\n  \n  .slider-nav.next-btn {\n    right: 2px; \/* GANZ IN DIE ECKE *\/\n  }\n  \n  .slider-nav svg {\n    width: 12px;\n    height: 12px;\n  }\n  \n  .reviews-slider {\n    height: 460px;\n    width: 100%; \/* VOLLE BREITE *\/\n  }\n  \n  .review-card {\n    padding: 35px 30px;\n    height: 420px;\n    border-radius: 20px;\n    max-width: calc(100vw - 15px); \/* FAST VOLLBILD - NUR 7.5px MARGIN LINKS\/RECHTS *\/\n    margin: 0 auto;\n  }\n  \n  .review-text {\n    font-size: 24px;\n    line-height: 1.35;\n    padding-left: 20px;\n  }\n  \n  .review-text::before {\n    font-size: 55px;\n    left: -8px;\n    top: -8px;\n  }\n  \n  .review-bottom {\n    margin-top: 20px;\n  }\n  \n  .verified-badge {\n    margin-bottom: 18px;\n    font-size: 15px;\n    gap: 12px;\n  }\n  \n  .verified-icon {\n    width: 24px;\n    height: 24px;\n    font-size: 14px;\n  }\n  \n  .reviewer-info {\n    padding-top: 18px;\n  }\n  \n  .reviewer-details {\n    gap: 12px;\n  }\n  \n  .reviewer-avatar {\n    width: 50px;\n    height: 50px;\n    font-size: 16px;\n    border-width: 2px;\n  }\n  \n  .reviewer-name {\n    font-size: 17px;\n  }\n  \n  .review-date {\n    font-size: 14px;\n    margin-top: 5px;\n  }\n  \n  .review-stars .star {\n    font-size: 18px;\n  }\n  \n  .trustpilot-footer {\n    font-size: 12px;\n    padding: 14px;\n  }\n}\n<\/style>\n\n<script>\ndocument.addEventListener('DOMContentLoaded', function() {\n  const slider = document.getElementById('reviewsSlider');\n  const slides = slider.querySelectorAll('.review-slide');\n  const prevBtn = document.getElementById('prevBtn');\n  const nextBtn = document.getElementById('nextBtn');\n  \n  let currentSlide = 0;\n  let isAnimating = false;\n  const totalSlides = slides.length;\n\n  function showSlide(index) {\n    if (isAnimating) return;\n    isAnimating = true;\n    \n    slides.forEach((slide, i) => {\n      slide.classList.remove('active', 'prev');\n      if (i === index) {\n        slide.classList.add('active');\n      } else if (i < index) {\n        slide.classList.add('prev');\n      }\n    });\n    \n    setTimeout(() => {\n      isAnimating = false;\n    }, 600);\n  }\n\n  function nextSlide() {\n    if (isAnimating) return;\n    currentSlide = (currentSlide + 1) % totalSlides;\n    showSlide(currentSlide);\n  }\n\n  function prevSlide() {\n    if (isAnimating) return;\n    currentSlide = (currentSlide - 1 + totalSlides) % totalSlides;\n    showSlide(currentSlide);\n  }\n\n  nextBtn.addEventListener('click', nextSlide);\n  prevBtn.addEventListener('click', prevSlide);\n\n  \/\/ Touch\/Swipe support\n  let startX = 0;\n  let endX = 0;\n  let startY = 0;\n  let endY = 0;\n\n  slider.addEventListener('touchstart', function(e) {\n    startX = e.touches[0].clientX;\n    startY = e.touches[0].clientY;\n  });\n\n  slider.addEventListener('touchend', function(e) {\n    endX = e.changedTouches[0].clientX;\n    endY = e.changedTouches[0].clientY;\n    handleSwipe();\n  });\n\n  function handleSwipe() {\n    const swipeThreshold = 50;\n    const diffX = startX - endX;\n    const diffY = Math.abs(startY - endY);\n\n    if (Math.abs(diffX) > swipeThreshold && diffY < 100) {\n      if (diffX > 0) {\n        nextSlide();\n      } else {\n        prevSlide();\n      }\n    }\n  }\n\n  \/\/ Keyboard navigation\n  document.addEventListener('keydown', function(e) {\n    if (e.key === 'ArrowLeft') {\n      prevSlide();\n    } else if (e.key === 'ArrowRight') {\n      nextSlide();\n    }\n  });\n\n  \/\/ Auto-play\n  let autoplayInterval = setInterval(nextSlide, 5000);\n  \n  slider.addEventListener('mouseenter', () => clearInterval(autoplayInterval));\n  slider.addEventListener('mouseleave', () => autoplayInterval = setInterval(nextSlide, 5000));\n});\n<\/script>","add_vertical_spacing":false,"background_type":"full_width","background":"rgba(0,0,0,0)","text_color":"rgba(0,0,0,0)"}},"image_with_text_CHKwTQ":{"type":"image-with-text","blocks":{"item_RpzqxR":{"type":"item","settings":{"image":"shopify:\/\/shop_images\/modern_upscale_fas_image.jpg","tab_label":"","subheading":"Villara","title":"Entdecke Deinen Perfekten Look","content":"<p>Willkommen bei Villara, Deinem Premium-Ziel für zeitgenössische Mode und zeitlose Eleganz. Wir kuratieren die neuesten Trends und klassische Stücke, die Dich dabei unterstützen, Deinen einzigartigen Stil auszudrücken. Von alltäglichen Basics bis hin zu Statement-Pieces bietet unsere sorgfältig ausgewählte Kollektion Qualität, Komfort und Raffinesse für die moderne Garderobe.<\/p>","button_text":"","button_link":""}}},"block_order":["item_RpzqxR"],"name":"Image with text","settings":{"reveal_on_scroll":true,"background_type":"full_width","background_overlap":"image","image_position":"left","text_alignment":"center","cycle_speed":8,"accent_background":"rgba(0,0,0,0)","text_color":"rgba(0,0,0,0)","button_background":"rgba(0,0,0,0)","button_text_color":"rgba(0,0,0,0)"}},"featured-product":{"type":"featured-product","blocks":{"variant-picker":{"type":"variant_picker","settings":{"hide_sold_out_variants":false,"selector_mode":"block","color_mode":"variant_image","size_chart_page":""}},"quantity-selector":{"type":"quantity_selector","settings":{}},"buy-buttons":{"type":"buy_buttons","settings":{"show_payment_button":false,"atc_button_background":"rgba(0,0,0,0)","atc_button_text_color":"rgba(0,0,0,0)","buy_now_button_background":"rgba(0,0,0,0)","buy_now_button_text_color":"rgba(0,0,0,0)"}},"liquid_bFqidn":{"type":"liquid","settings":{"liquid":"<!-- Hier wird eine Liquid Variable namens 'payment_methods' erzeugt.-->\n{%- capture payment_methods -%}\n    <!-- Diese for-Schleife läuft durch alle aktiven Zahlungsarten im Shop. -->\n\t\t<!-- Für jede Zahlungsart wird ein li-Element erstellt-->\n\t{%- for type in shop.enabled_payment_types -%}\n        <li class=\"payment-method-item\">{{ type | payment_type_svg_tag }}<\/li>\n  {%- endfor -%}\n{%- endcapture -%}\n\n<!-- Überprüfen, ob 'payment_methods' nicht leer ist. -->\n{%- if payment_methods != blank -%}\n    <!-- Wenn 'payment_methods' nicht leer ist, wird eine ungeordnete Liste (ul) mit der Klasse 'my-paymentmethods' erstellt. -->\n    <ul class=\"my-paymentmethods\">\n        <!-- Hier wird der generierte Inhalt 'payment_methods' eingesetzt -->\n        {{ payment_methods }}\n    <\/ul>\n{%- endif -%}\n\n<style>\n\/* Diese Regel gilt nur für ul-Elemente mit der Klasse 'my-paymentmethods' *\/\nul.my-paymentmethods {\n    display: flex;\n    justify-content: flex-start;\n    flex-wrap: wrap;\n    list-style: none;\n    margin-left: 0px;\n    padding-left: 4px;\n}\n\n\/* Diese Regel gilt nur für li-Elemente mit der Klasse 'payment-method-item' *\/\nli.payment-method-item {\n    margin-bottom: 8px; \n    margin-right: 8px;\n}\n<\/style>"}}},"block_order":["variant-picker","quantity-selector","buy-buttons","liquid_bFqidn"],"settings":{"product":"velancia-luxus-strickpullover","subheading":"","title":"UNSER BESTSELLER","show_vendor":false,"show_sku":false,"show_taxes_included":false,"show_product_rating":false,"show_share_buttons":false,"help_page":"","enable_video_autoplay":true,"enable_video_looping":false,"enable_image_zoom":true,"show_thumbnails_on_mobile":false,"desktop_thumbnails_position":"bottom","transition_effect":"slide","background":"rgba(0,0,0,0)","text_color":"rgba(0,0,0,0)"}},"custom_liquid_CqGLnp":{"type":"custom-liquid","name":"Custom Liquid","settings":{"subheading":"","title":"","liquid":"<!-- VILLARA CUSTOMER CHAT FEEDBACK SECTION - MANUAL SCROLL -->\n<style>\n  .chat-feedback-section {\n    background: #ffffff;\n    padding: 60px 20px;\n    overflow: hidden;\n    position: relative;\n  }\n\n  .chat-feedback-title {\n    text-align: center;\n    font-size: 42px;\n    font-weight: 900;\n    margin-bottom: 20px;\n    color: #000;\n    letter-spacing: -1px;\n    background: linear-gradient(135deg, #667eea 0%, #764ba2 50%, #f093fb 100%);\n    -webkit-background-clip: text;\n    -webkit-text-fill-color: transparent;\n    background-clip: text;\n    animation: gradientShift 3s ease infinite;\n    background-size: 200% 200%;\n  }\n\n  @keyframes gradientShift {\n    0% { background-position: 0% 50%; }\n    50% { background-position: 100% 50%; }\n    100% { background-position: 0% 50%; }\n  }\n\n  .chat-feedback-subtitle {\n    text-align: center;\n    font-size: 24px;\n    font-weight: 700;\n    margin-bottom: 50px;\n    color: #1a1a1a;\n    animation: fadeInUp 1s ease;\n  }\n\n  @keyframes fadeInUp {\n    from {\n      opacity: 0;\n      transform: translateY(20px);\n    }\n    to {\n      opacity: 1;\n      transform: translateY(0);\n    }\n  }\n\n  \/* Horizontal Scroll Container *\/\n  .chat-scroll-container {\n    width: 100%;\n    overflow-x: auto;\n    overflow-y: hidden;\n    -webkit-overflow-scrolling: touch;\n    scroll-behavior: smooth;\n    padding: 20px 0;\n    margin: 0 -20px;\n    padding-left: 20px;\n    padding-right: 20px;\n  }\n\n  \/* Hide scrollbar but keep functionality *\/\n  .chat-scroll-container::-webkit-scrollbar {\n    height: 8px;\n  }\n\n  .chat-scroll-container::-webkit-scrollbar-track {\n    background: #f1f1f1;\n    border-radius: 10px;\n  }\n\n  .chat-scroll-container::-webkit-scrollbar-thumb {\n    background: #888;\n    border-radius: 10px;\n  }\n\n  .chat-scroll-container::-webkit-scrollbar-thumb:hover {\n    background: #555;\n  }\n\n  .chat-scroll-track {\n    display: flex;\n    gap: 25px;\n    width: max-content;\n  }\n\n  .chat-image-wrapper {\n    flex-shrink: 0;\n    width: 350px;\n    position: relative;\n  }\n\n  .chat-screenshot {\n    width: 100%;\n    height: auto;\n    display: block;\n    border-radius: 25px;\n    box-shadow: 0 10px 40px rgba(0, 0, 0, 0.15);\n    transition: all 0.3s ease;\n    cursor: pointer;\n  }\n\n  .chat-image-wrapper:hover .chat-screenshot {\n    transform: translateY(-10px) scale(1.02);\n    box-shadow: 0 15px 50px rgba(0, 0, 0, 0.25);\n  }\n\n  .customers-count {\n    text-align: center;\n    margin-top: 60px;\n    font-size: 32px;\n    font-weight: 800;\n    color: #000;\n    letter-spacing: -0.5px;\n    animation: fadeIn 1.5s ease;\n  }\n\n  .customers-count span {\n    color: #2ecc71;\n    font-size: 36px;\n  }\n\n  @keyframes fadeIn {\n    from { opacity: 0; }\n    to { opacity: 1; }\n  }\n\n  \/* Scroll Hint *\/\n  .scroll-hint {\n    text-align: center;\n    margin-top: 15px;\n    font-size: 14px;\n    color: #999;\n    font-weight: 500;\n  }\n\n  \/* Mobile Responsive *\/\n  @media (max-width: 768px) {\n    .chat-feedback-section {\n      padding: 40px 10px;\n    }\n\n    .chat-feedback-title {\n      font-size: 28px;\n      margin-bottom: 12px;\n      padding: 0 10px;\n    }\n\n    .chat-feedback-subtitle {\n      font-size: 18px;\n      margin-bottom: 30px;\n      padding: 0 10px;\n    }\n\n    .chat-scroll-container {\n      margin: 0 -10px;\n      padding-left: 15px;\n      padding-right: 15px;\n    }\n\n    .chat-image-wrapper {\n      width: 340px;  \/* BREITER auf Mobile *\/\n    }\n\n    .chat-scroll-track {\n      gap: 18px;\n    }\n\n    .chat-screenshot {\n      border-radius: 20px;\n    }\n\n    .customers-count {\n      font-size: 22px;\n      margin-top: 40px;\n      padding: 0 15px;\n      line-height: 1.4;\n    }\n\n    .customers-count span {\n      font-size: 26px;\n      display: inline-block;\n    }\n\n    .scroll-hint {\n      font-size: 12px;\n      margin-top: 10px;\n    }\n\n    \/* Scrollbar für Mobile dünner *\/\n    .chat-scroll-container::-webkit-scrollbar {\n      height: 4px;\n    }\n  }\n\n  \/* Extra small screens *\/\n  @media (max-width: 375px) {\n    .chat-image-wrapper {\n      width: 320px;\n    }\n\n    .chat-scroll-track {\n      gap: 15px;\n    }\n\n    .chat-feedback-title {\n      font-size: 24px;\n    }\n\n    .chat-feedback-subtitle {\n      font-size: 16px;\n    }\n  }\n\n  \/* Larger phones *\/\n  @media (min-width: 390px) and (max-width: 768px) {\n    .chat-image-wrapper {\n      width: 360px;  \/* Noch breiter für größere Phones *\/\n    }\n\n    .chat-scroll-track {\n      gap: 20px;\n    }\n  }\n<\/style>\n\n<div class=\"chat-feedback-section\">\n  <div class=\"container\">\n    \n    <!-- Animated Title -->\n    <h2 class=\"chat-feedback-title\">Echtes Feedback<\/h2>\n    <h3 class=\"chat-feedback-subtitle\">von echten Kunden<\/h3>\n\n    <!-- Manual Scroll Carousel -->\n    <div class=\"chat-scroll-container\">\n      <div class=\"chat-scroll-track\">\n        \n        <!-- Chat Screenshots -->\n        <div class=\"chat-image-wrapper\">\n          <img src=\"https:\/\/cdn.shopify.com\/s\/files\/1\/0997\/0391\/4845\/files\/IMG_7698.jpg?v=1760594362\" \n               alt=\"Kundenfeedback 1\" \n               class=\"chat-screenshot\"\n               loading=\"lazy\">\n        <\/div>\n\n        <div class=\"chat-image-wrapper\">\n          <img src=\"https:\/\/cdn.shopify.com\/s\/files\/1\/0997\/0391\/4845\/files\/IMG_7701.jpg?v=1760594308\" \n               alt=\"Kundenfeedback 2\" \n               class=\"chat-screenshot\"\n               loading=\"lazy\">\n        <\/div>\n\n        <div class=\"chat-image-wrapper\">\n          <img src=\"https:\/\/cdn.shopify.com\/s\/files\/1\/0997\/0391\/4845\/files\/IMG_7704.jpg?v=1760594308\" \n               alt=\"Kundenfeedback 3\" \n               class=\"chat-screenshot\"\n               loading=\"lazy\">\n        <\/div>\n\n        <div class=\"chat-image-wrapper\">\n          <img src=\"https:\/\/cdn.shopify.com\/s\/files\/1\/0997\/0391\/4845\/files\/IMG_7703.jpg?v=1760594308\" \n               alt=\"Kundenfeedback 4\" \n               class=\"chat-screenshot\"\n               loading=\"lazy\">\n        <\/div>\n\n        <div class=\"chat-image-wrapper\">\n          <img src=\"https:\/\/cdn.shopify.com\/s\/files\/1\/0997\/0391\/4845\/files\/IMG_7702.jpg?v=1760594304\" \n               alt=\"Kundenfeedback 5\" \n               class=\"chat-screenshot\"\n               loading=\"lazy\">\n        <\/div>\n\n      <\/div>\n    <\/div>\n\n    <!-- Scroll Hint -->\n    <p class=\"scroll-hint\">← Scrolle für mehr Feedback →<\/p>\n\n    <!-- Customer Count -->\n    <div class=\"customers-count\">\n      Über <span>8.000<\/span> zufriedene Kunden vertrauen uns\n    <\/div>\n\n  <\/div>\n<\/div>\n<!-- END VILLARA FEEDBACK SECTION -->","add_vertical_spacing":false,"background_type":"full_width","background":"rgba(0,0,0,0)","text_color":"rgba(0,0,0,0)"}},"collection_list_UCBmJR":{"type":"collection-list","blocks":{"collection_wUMzpy":{"type":"collection","settings":{"collection":"oberteile","subheading":"","title":"OBERTEILE","link_text":"","link_url":"","text_color":"rgba(0,0,0,0)","overlay_color":"#000000","overlay_opacity":30}},"collection_YzTVrg":{"type":"collection","settings":{"collection":"unterteil","subheading":"","title":"UNTERTEIL","link_text":"","link_url":"","text_color":"rgba(0,0,0,0)","overlay_color":"#000000","overlay_opacity":30}},"collection_VYV6ar":{"type":"collection","settings":{"collection":"schuhe","subheading":"","title":"SCHUHE","link_text":"","link_url":"","text_color":"rgba(0,0,0,0)","overlay_color":"#000000","overlay_opacity":30}},"collection_DzU8eN":{"type":"collection","settings":{"collection":"sets","subheading":"","title":"SET'S","link_text":"","link_url":"","text_color":"rgba(0,0,0,0)","overlay_color":"#000000","overlay_opacity":30}},"collection_fe3iRB":{"type":"collection","settings":{"collection":"slides","subheading":"","title":"SLIDES","link_text":"","link_url":"","text_color":"rgba(0,0,0,0)","overlay_color":"#000000","overlay_opacity":30}},"collection_MjGfFQ":{"type":"collection","settings":{"collection":"jacken","subheading":"","title":"JACKEN","link_text":"","link_url":"","text_color":"rgba(0,0,0,0)","overlay_color":"#000000","overlay_opacity":30}},"collection_hy3V3g":{"type":"collection","settings":{"collection":"taschen","subheading":"","title":"Taschen","link_text":"","link_url":"","text_color":"rgba(0,0,0,0)","overlay_color":"#000000","overlay_opacity":30}}},"block_order":["collection_wUMzpy","collection_YzTVrg","collection_VYV6ar","collection_DzU8eN","collection_fe3iRB","collection_MjGfFQ","collection_hy3V3g"],"name":"Collection list","settings":{"reveal_on_scroll":false,"layout":"grid","subheading":"VILLARA","title":"UNSERE KOLLEKTIONEN","background":"rgba(0,0,0,0)","text_color":"rgba(0,0,0,0)"}},"custom_liquid_eGHcUa":{"type":"custom-liquid","name":"Custom Liquid","settings":{"subheading":"","title":"","liquid":"<!DOCTYPE html>\n<html lang=\"de\">\n<head>\n    <meta charset=\"UTF-8\">\n    <meta name=\"viewport\" content=\"width=device-width, initial-scale=1.0\">\n    <title>VILLARA - FAQ<\/title>\n    <style>\n        * {\n            margin: 0;\n            padding: 0;\n            box-sizing: border-box;\n        }\n        \n        body {\n            font-family: 'Arial', sans-serif;\n            background-color: #f8f9fa;\n            color: #333;\n            line-height: 1.6;\n        }\n        \n        .faq-container {\n            max-width: 1200px;\n            margin: 0 auto;\n            padding: 60px 20px;\n            background: white;\n        }\n        \n        .faq-header {\n            text-align: center;\n            margin-bottom: 60px;\n        }\n        \n        .faq-header h2 {\n            font-size: 2.5rem;\n            font-weight: 300;\n            color: #000;\n            margin-bottom: 10px;\n            letter-spacing: 3px;\n        }\n        \n        .faq-header p {\n            font-size: 1.1rem;\n            color: #666;\n            max-width: 600px;\n            margin: 0 auto;\n        }\n        \n        .faq-grid {\n            display: grid;\n            grid-template-columns: repeat(auto-fit, minmax(580px, 1fr));\n            gap: 20px;\n            margin-bottom: 40px;\n        }\n        \n        .faq-item {\n            border: 1px solid #e0e0e0;\n            border-radius: 8px;\n            overflow: hidden;\n            background: white;\n            transition: all 0.3s ease;\n        }\n        \n        .faq-item:hover {\n            box-shadow: 0 5px 15px rgba(0,0,0,0.1);\n            transform: translateY(-2px);\n        }\n        \n        .faq-question {\n            padding: 25px;\n            background: #fff;\n            cursor: pointer;\n            display: flex;\n            justify-content: space-between;\n            align-items: center;\n            font-weight: 600;\n            font-size: 1.1rem;\n            color: #333;\n            border-bottom: 1px solid #f0f0f0;\n            transition: all 0.3s ease;\n        }\n        \n        .faq-question:hover {\n            background: #f8f9fa;\n        }\n        \n        .faq-question.active {\n            background: #000;\n            color: white;\n        }\n        \n        .faq-icon {\n            font-size: 1.2rem;\n            transition: transform 0.3s ease;\n        }\n        \n        .faq-question.active .faq-icon {\n            transform: rotate(45deg);\n        }\n        \n        .faq-answer {\n            padding: 0 25px;\n            max-height: 0;\n            overflow: hidden;\n            transition: all 0.3s ease;\n            background: #fafafa;\n        }\n        \n        .faq-answer.active {\n            padding: 25px;\n            max-height: 300px;\n        }\n        \n        .faq-answer p {\n            color: #555;\n            line-height: 1.7;\n            margin-bottom: 15px;\n        }\n        \n        .faq-answer p:last-child {\n            margin-bottom: 0;\n        }\n        \n        .faq-answer ul {\n            margin-left: 20px;\n            color: #555;\n        }\n        \n        .faq-answer li {\n            margin-bottom: 8px;\n        }\n        \n        .contact-section {\n            background: linear-gradient(135deg, #000 0%, #333 100%);\n            color: white;\n            padding: 40px;\n            border-radius: 12px;\n            text-align: center;\n            margin-top: 60px;\n        }\n        \n        .contact-section h3 {\n            font-size: 1.8rem;\n            margin-bottom: 15px;\n            font-weight: 300;\n        }\n        \n        .contact-section p {\n            font-size: 1.1rem;\n            margin-bottom: 20px;\n            opacity: 0.9;\n        }\n        \n        .contact-btn {\n            display: inline-block;\n            background: white;\n            color: #000;\n            padding: 15px 30px;\n            text-decoration: none;\n            border-radius: 6px;\n            font-weight: 600;\n            transition: all 0.3s ease;\n        }\n        \n        .contact-btn:hover {\n            background: #f0f0f0;\n            transform: translateY(-2px);\n        }\n        \n        @media (max-width: 768px) {\n            .faq-grid {\n                grid-template-columns: 1fr;\n            }\n            \n            .faq-header h2 {\n                font-size: 2rem;\n            }\n            \n            .faq-question {\n                padding: 20px;\n                font-size: 1rem;\n            }\n            \n            .faq-answer.active {\n                padding: 20px;\n            }\n            \n            .contact-section {\n                padding: 30px 20px;\n            }\n        }\n    <\/style>\n<\/head>\n<body>\n    <div class=\"faq-container\">\n        <div class=\"faq-header\">\n            <h2>VILLARA<\/h2>\n            <p>Häufig gestellte Fragen - Alles was du über unsere Premium Fashion wissen musst<\/p>\n        <\/div>\n        \n        <div class=\"faq-grid\">\n            <div class=\"faq-item\">\n                <div class=\"faq-question\" onclick=\"toggleFAQ(this)\">\n                    <span>📏 Wie finde ich die richtige Größe?<\/span>\n                    <span class=\"faq-icon\">+<\/span>\n                <\/div>\n                <div class=\"faq-answer\">\n                    <p>Jedes Produkt hat eine detaillierte Größentabelle. Wir empfehlen, deine Maße zu nehmen und mit unserer Tabelle zu vergleichen. Bei Unsicherheiten kontaktiere uns - wir helfen gerne bei der Größenberatung!<\/p>\n                    <p><strong>Tipp:<\/strong> Wenn du zwischen zwei Größen liegst, wähle die größere für einen entspannteren Fit.<\/p>\n                <\/div>\n            <\/div>\n            \n            <div class=\"faq-item\">\n                <div class=\"faq-question\" onclick=\"toggleFAQ(this)\">\n                    <span>🚚 Wie lange dauert der Versand?<\/span>\n                    <span class=\"faq-icon\">+<\/span>\n                <\/div>\n                <div class=\"faq-answer\">\n                    <p><strong>Weltweiter Versand:<\/strong> 7-12 Werktage<\/p>\n                    <p>Egal ob Deutschland, Europa oder international - wir liefern überall hin mit einer Lieferzeit von 7-12 Werktagen.<\/p>\n                    <p>Du erhältst automatisch eine Tracking-Nummer per E-Mail, sobald dein Paket versandt wird.<\/p>\n                <\/div>\n            <\/div>\n            \n            <div class=\"faq-item\">\n                <div class=\"faq-question\" onclick=\"toggleFAQ(this)\">\n                    <span>💎 Wie ist die Qualität eurer Kleidung?<\/span>\n                    <span class=\"faq-icon\">+<\/span>\n                <\/div>\n                <div class=\"faq-answer\">\n                    <p>VILLARA steht für absolute Premium-Qualität. Wir verwenden nur hochwertige Materialien und arbeiten mit zertifizierten Herstellern zusammen.<\/p>\n                    <p>Jedes Kleidungsstück wird vor dem Versand geprüft. Unsere Stoffe sind langlebig, farbecht und behalten auch nach vielen Wäschen ihre Form und Qualität.<\/p>\n                <\/div>\n            <\/div>\n            \n            <div class=\"faq-item\">\n                <div class=\"faq-question\" onclick=\"toggleFAQ(this)\">\n                    <span>🔄 Kann ich meine Bestellung umtauschen?<\/span>\n                    <span class=\"faq-icon\">+<\/span>\n                <\/div>\n                <div class=\"faq-answer\">\n                    <p><strong>Ja, absolut!<\/strong> Du hast 30 Tage Zeit für Umtausch und Rückgabe.<\/p>\n                    <p>Bedingungen:<\/p>\n                    <ul>\n                        <li>Artikel ungetragen und mit Etiketten<\/li>\n                        <li>Original-Verpackung<\/li>\n                        <li>Rücksendekosten trägt der Kunde<\/li>\n                    <\/ul>\n                    <p>Fülle einfach unser Rückgabeformular aus und wir senden dir ein Rücksendeetikett.<\/p>\n                <\/div>\n            <\/div>\n            \n            <div class=\"faq-item\">\n                <div class=\"faq-question\" onclick=\"toggleFAQ(this)\">\n                    <span>💳 Welche Zahlungsmöglichkeiten gibt es?<\/span>\n                    <span class=\"faq-icon\">+<\/span>\n                <\/div>\n                <div class=\"faq-answer\">\n                    <p>Wir akzeptieren alle gängigen Zahlungsmethoden:<\/p>\n                    <ul>\n                        <li>PayPal (auch PayPal Express)<\/li>\n                        <li>Kreditkarte (Visa, Mastercard)<\/li>\n                        <li>Klarna (Kauf auf Rechnung)<\/li>\n                        <li>SOFORT Überweisung<\/li>\n                        <li>Apple Pay & Google Pay<\/li>\n                    <\/ul>\n                    <p>Alle Zahlungen sind 100% sicher und verschlüsselt.<\/p>\n                <\/div>\n            <\/div>\n            \n            <div class=\"faq-item\">\n                <div class=\"faq-question\" onclick=\"toggleFAQ(this)\">\n                    <span>🧼 Wie pflege ich meine VILLARA Kleidung?<\/span>\n                    <span class=\"faq-icon\">+<\/span>\n                <\/div>\n                <div class=\"faq-answer\">\n                    <p>Für lange Haltbarkeit empfehlen wir:<\/p>\n                    <ul>\n                        <li>Waschen bei 30°C auf links gedreht<\/li>\n                        <li>Schonwaschgang verwenden<\/li>\n                        <li>Nicht im Trockner trocknen<\/li>\n                        <li>Bei niedriger Temperatur bügeln<\/li>\n                    <\/ul>\n                    <p>Spezielle Pflegehinweise findest du auf dem Etikett jedes Kleidungsstücks.<\/p>\n                <\/div>\n            <\/div>\n            \n            <div class=\"faq-item\">\n                <div class=\"faq-question\" onclick=\"toggleFAQ(this)\">\n                    <span>📦 Was kostet der Versand?<\/span>\n                    <span class=\"faq-icon\">+<\/span>\n                <\/div>\n                <div class=\"faq-answer\">\n                    <p><strong>🎉 KOSTENLOSER VERSAND WELTWEIT!<\/strong><\/p>\n                    <p>Wir liefern komplett kostenfrei - egal wohin auf der Welt! Keine versteckten Kosten, keine Mindestbestellwerte.<\/p>\n                    <p>Premium Fashion mit gratis Worldwide Shipping - das ist unser Service-Versprechen an dich!<\/p>\n                <\/div>\n            <\/div>\n            \n            <div class=\"faq-item\">\n                <div class=\"faq-question\" onclick=\"toggleFAQ(this)\">\n                    <span>🏪 Habt ihr auch physische Stores?<\/span>\n                    <span class=\"faq-icon\">+<\/span>\n                <\/div>\n                <div class=\"faq-answer\">\n                    <p>Aktuell sind wir ein reiner Online-Store, um dir die besten Preise und die größte Auswahl bieten zu können.<\/p>\n                    <p>Dafür bieten wir erstklassigen Online-Service mit persönlicher Beratung per Chat, E-Mail oder Telefon. Unser Team hilft dir gerne bei allen Fragen!<\/p>\n                <\/div>\n            <\/div>\n            \n            <div class=\"faq-item\">\n                <div class=\"faq-question\" onclick=\"toggleFAQ(this)\">\n                    <span>🔒 Ist meine Bestellung sicher?<\/span>\n                    <span class=\"faq-icon\">+<\/span>\n                <\/div>\n                <div class=\"faq-answer\">\n                    <p><strong>100% sicher!<\/strong> Wir verwenden SSL-Verschlüsselung und arbeiten nur mit verifizierten Zahlungsanbietern.<\/p>\n                    <p>Deine Daten werden nie an Dritte weitergegeben und sind bei uns in sicheren Händen. Alle Transaktionen sind vollständig geschützt.<\/p>\n                <\/div>\n            <\/div>\n            \n            <div class=\"faq-item\">\n                <div class=\"faq-question\" onclick=\"toggleFAQ(this)\">\n                    <span>💸 Gibt es Rabatte oder Sales?<\/span>\n                    <span class=\"faq-icon\">+<\/span>\n                <\/div>\n                <div class=\"faq-answer\">\n                    <p>Melde dich für unseren Newsletter an und erhalte sofort 10% Rabatt auf deine erste Bestellung!<\/p>\n                    <p>Außerdem informieren wir dich über:<\/p>\n                    <ul>\n                        <li>Exklusive Sales & Flash-Deals<\/li>\n                        <li>Neue Kollektionen<\/li>\n                        <li>VIP-Aktionen nur für Newsletter-Abonnenten<\/li>\n                    <\/ul>\n                <\/div>\n            <\/div>\n        <\/div>\n        \n        <div class=\"contact-section\">\n            <h3>Noch Fragen?<\/h3>\n            <p>Unser Kundenservice ist Mo-Fr von 9-18 Uhr für dich da!<\/p>\n            <a href=\"mailto:Villara.eu@hotmail.com\" class=\"contact-btn\">Kontakt aufnehmen<\/a>\n        <\/div>\n    <\/div>\n    \n    <script>\n        function toggleFAQ(element) {\n            \/\/ Close all other FAQ items\n            const allQuestions = document.querySelectorAll('.faq-question');\n            const allAnswers = document.querySelectorAll('.faq-answer');\n            \n            allQuestions.forEach(q => {\n                if (q !== element) {\n                    q.classList.remove('active');\n                }\n            });\n            \n            allAnswers.forEach(a => {\n                if (a !== element.nextElementSibling) {\n                    a.classList.remove('active');\n                }\n            });\n            \n            \/\/ Toggle current FAQ item\n            element.classList.toggle('active');\n            const answer = element.nextElementSibling;\n            answer.classList.toggle('active');\n        }\n        \n        \/\/ Add smooth scroll behavior\n        document.querySelectorAll('.faq-question').forEach(question => {\n            question.addEventListener('click', function() {\n                setTimeout(() => {\n                    this.scrollIntoView({ \n                        behavior: 'smooth', \n                        block: 'nearest' \n                    });\n                }, 300);\n            });\n        });\n    <\/script>\n<\/body>\n<\/html>","add_vertical_spacing":false,"background_type":"full_width","background":"rgba(0,0,0,0)","text_color":"rgba(0,0,0,0)"}}},"order":["slideshow","featured-collections","custom_liquid_xc9HAE","image_with_text_CHKwTQ","featured-product","custom_liquid_CqGLnp","collection_list_UCBmJR","custom_liquid_eGHcUa"]}