{"current":{"icon_stroke_width":2,"button_border_radius":4,"block_border_radius":"small","vertical_spacing":"large","heading_color":"#1a1a1a","text_color":"#1a1a1a","background":"#ffffff","secondary_background":"#f5f1ec","success_color":"#2e9e7b","error_color":"#de2a2a","header_background":"#1a1a1a","header_text_color":"#ffffff","footer_background":"#1a1a1a","footer_text_color":"#ffffff","primary_button_background":"#1a1a1a","primary_button_text_color":"#ffffff","secondary_button_background":"#000000","secondary_button_text_color":"#ffffff","product_rating_color":"#f6a429","product_on_sale_accent":"#08a193","product_sold_out_accent":"#de2a2a","product_custom_label_background":"#2866ce","product_custom_label_2_background":"#f3e5b6","product_in_stock_text_color":"#2e9e7b","product_low_stock_text_color":"#de2a2a","heading_font":"itc_caslon_no_224_n5","heading_font_size":"medium","heading_text_transform":"normal","text_font":"avenir_next_n4","text_font_size":15,"currency_code_enabled":false,"stagger_products_apparition":true,"round_color_swatches":true,"show_vendor":false,"show_secondary_image":true,"show_product_rating":false,"product_color_display":"count","product_image_size":"natural","cart_type":"drawer","cart_icon":"shopping_bag","cart_show_free_shipping_threshold":true,"cart_free_shipping_threshold":"0","checkout_sidebar_background_color":"#f5f5f5","checkout_accent_color":"#282828","checkout_button_color":"#405de6","checkout_error_color":"#de2a2a","accent_color":"#405de6","sections":{"announcement-bar":{"type":"announcement-bar","settings":{"announcement_bar_position":"non_sticky","announcement_text_size":"normal","autoplay":true,"cycle_speed":3,"background":"#f3ff34","text_color":"#282828","button_background":"#282828","button_text_color":"#ffffff"}},"header":{"type":"header","settings":{"enable_sticky_header":true,"logo_max_width":165,"mobile_logo_max_width":105,"navigation_menu":"","sidebar_navigation_menu":"","header_layout":"logo_left_navigation_center","show_icons":false,"reduce_desktop_padding":false,"show_locale_selector":true,"show_country_selector":false,"enable_transparent_header":false,"transparent_header_text_color":"#ffffff","search_menu":""}},"footer":{"type":"footer","blocks":{"links_DChLdQ":{"type":"links","settings":{"menu":"footer"}},"text_hyRw3R":{"type":"text","settings":{"title":"Support:","content":"<p>Villara.eu@hotmail.com<\/p>"}},"links":{"type":"links","settings":{"menu":""}}},"block_order":["links_DChLdQ","text_hyRw3R","links"],"settings":{"show_payment_icons":true,"show_country_selector":true,"show_locale_selector":true,"show_cookie_bar":false,"cookie_bar_title":"Cookie policy","cookie_bar_content":""}},"popup":{"type":"popup","settings":{"enable":false,"apparition_delay":5,"show_only_on_index":true,"show_only_for_visitors":true,"show_only_once":true,"image_position":"left","title":"Get 10% off","content":"<p>Promotions, new products and sales. Directly to your inbox.<\/p>"}},"mini-cart":{"type":"mini-cart","settings":{"show_order_note":false,"show_checkout_button":true,"empty_button_link":"shopify:\/\/collections\/all","show_recommendations":true,"recommendations_title":"Das könnte dir auch noch gefallen:"}},"static-text-with-icons":{"type":"static-text-with-icons","blocks":{"static-text-with-icons-0":{"type":"item","settings":{"icon":"picto-box","custom_icon_width":50,"title":"Free shipping","content":"<p>Free worldwide shipping and returns - customs and duties taxes included<\/p>"}},"static-text-with-icons-1":{"type":"item","settings":{"icon":"picto-phone","custom_icon_width":50,"title":"Customer service","content":"<p>We are available from monday to friday to answer your questions.<\/p>"}},"static-text-with-icons-2":{"type":"item","settings":{"icon":"picto-lock","custom_icon_width":50,"title":"Secure payment","content":"<p>Your payment information is processed securely.<\/p>"}},"static-text-with-icons-3":{"type":"item","settings":{"icon":"picto-email","custom_icon_width":50,"title":"Contact us","content":"<p>Need to contact us ? Just send us an e-mail at info@yourstore.com<\/p>"}}},"block_order":["static-text-with-icons-0","static-text-with-icons-1","static-text-with-icons-2","static-text-with-icons-3"],"settings":{"show_section":false,"background":"rgba(0,0,0,0)","text_color":"rgba(0,0,0,0)"}},"static-newsletter":{"type":"static-newsletter","settings":{"show_section":false,"reveal_on_scroll":true,"subheading":"Subscribe to our newsletter","content":"<p>Promotions, new products and sales. Directly to your inbox.<\/p>","text_position":"right","text_alignment":"left","text_background":"rgba(0,0,0,0)","text_color":"rgba(0,0,0,0)","button_background":"rgba(0,0,0,0)","button_text_color":"rgba(0,0,0,0)"}}},"content_for_index":[],"blocks":{"15683396631634586217":{"type":"shopify:\/\/apps\/inbox\/blocks\/chat\/841fc607-4181-4ad1-842d-e24d7f8bad6b","disabled":false,"settings":{"button_color":"#000000","secondary_color":"#FFFFFF","ternary_color":"#6A6A6A","button_icon":"chat_bubble","button_text":"chat_with_us","button_horizontal_position":"bottom_right","button_vertical_position":"lowest","greeting_message":""}},"855628211100114053":{"type":"shopify:\/\/apps\/klaviyo-email-marketing-sms\/blocks\/klaviyo-onsite-embed\/2632fe16-c075-4321-a88b-50b567f42507","disabled":false,"settings":{}}}},"presets":{"Carbon":{"button_border_radius":0,"block_border_radius":"none","heading_color":"#282828","text_color":"#282828","secondary_background":"#f5f5f5","success_color":"#2e9e7b","error_color":"#de2a2a","header_background":"#282828","footer_background":"#282828","footer_text_color":"#ffffff","primary_button_background":"#405de6","secondary_button_background":"#f3ff34","secondary_button_text_color":"#282828","product_on_sale_accent":"#de2a2a","product_custom_label_background":"#405de6","product_custom_label_2_background":"#f3ff34","product_in_stock_text_color":"#2e9e7b","product_low_stock_text_color":"#de2a2a","heading_font":"zurich_extended_n8","heading_font_size":"medium","heading_text_transform":"uppercase","text_font":"zurich_n4","text_font_size":15,"currency_code_enabled":false,"stagger_products_apparition":true,"round_color_swatches":false,"show_vendor":false,"show_secondary_image":true,"product_color_display":"count","product_image_size":"natural","show_product_rating":false,"cart_type":"message","cart_show_free_shipping_threshold":true,"accent_color":"#405de6","checkout_sidebar_background_color":"#f5f5f5","checkout_accent_color":"#282828","checkout_button_color":"#405de6","checkout_error_color":"#de2a2a","sections":{"announcement-bar":{"type":"announcement-bar","blocks":{"message-1":{"type":"message","settings":{}}},"block_order":["message-1"],"settings":{"announcement_bar_position":"non_sticky","announcement_text_size":"normal","autoplay":true,"cycle_speed":5,"background":"#f3ff34","text_color":"#282828","button_background":"#282828","button_text_color":"#ffffff"}},"header":{"type":"header","settings":{"enable_sticky_header":true,"navigation_menu":"main-menu","header_layout":"logo_left_navigation_center","show_icons":false,"reduce_desktop_padding":false,"enable_transparent_header":false,"transparent_header_text_color":"#ffffff"}},"footer":{"type":"footer","blocks":{"text":{"type":"text","settings":{}},"links":{"type":"links","settings":{"menu":"footer"}},"newsletter":{"type":"newsletter","settings":{}},"social_media":{"type":"social_media","settings":{}}},"block_order":["text","links","newsletter","social_media"],"settings":{}}}},"Ivory":{"button_border_radius":4,"block_border_radius":"small","heading_color":"#1a1a1a","text_color":"#1a1a1a","secondary_background":"#f5f1ec","success_color":"#2e9e7b","error_color":"#de2a2a","header_background":"#56112a","header_text_color":"#ffffff","footer_background":"#56112a","footer_text_color":"#ffffff","primary_button_background":"#56112a","primary_button_text_color":"#ffffff","secondary_button_background":"#f7aea6","secondary_button_text_color":"#56112a","product_on_sale_accent":"#913b59","product_custom_label_background":"#405de6","product_custom_label_2_background":"#f3e5b6","product_in_stock_text_color":"#2e9e7b","product_low_stock_text_color":"#de2a2a","heading_font":"itc_caslon_no_224_n5","heading_font_size":"medium","heading_text_transform":"normal","text_font":"avenir_next_n4","text_font_size":15,"stagger_products_apparition":true,"round_color_swatches":true,"show_vendor":false,"show_secondary_image":true,"product_color_display":"count","product_image_size":"natural","cart_type":"drawer","accent_color":"#405de6","checkout_sidebar_background_color":"#f6f3ed","checkout_accent_color":"#353535","checkout_button_color":"#353535","checkout_error_color":"#de2a2a","sections":{"announcement-bar":{"type":"announcement-bar","blocks":{"message-1":{"type":"message","settings":{}}},"block_order":["message-1"],"settings":{"announcement_bar_position":"non_sticky","announcement_text_size":"small","autoplay":true,"cycle_speed":5,"background":"#f7aea6","text_color":"#56112a","button_background":"#56112a","button_text_color":"#ffffff"}},"header":{"type":"header","settings":{"enable_sticky_header":true,"navigation_menu":"main-menu","header_layout":"logo_center_navigation_inline","show_icons":false,"reduce_desktop_padding":false,"enable_transparent_header":false,"transparent_header_text_color":"#ffffff"}},"footer":{"type":"footer","blocks":{"text":{"type":"text","settings":{}},"links":{"type":"links","settings":{"menu":"footer"}},"newsletter":{"type":"newsletter","settings":{}},"social_media":{"type":"social_media","settings":{}}},"block_order":["text","links","newsletter","social_media"],"settings":{}}}},"Quartz":{"icon_stroke_width":1.3,"button_border_radius":0,"block_border_radius":"none","vertical_spacing":"medium","heading_color":"#0d0d0d","text_color":"#2e2e2e","background":"#ffffff","secondary_background":"#f5f5f5","success_color":"#3c6e71","error_color":"#de2a2a","header_background":"#ffffff","header_text_color":"#2e2e2e","footer_background":"#ffffff","footer_text_color":"#2e2e2e","primary_button_background":"#051e38","primary_button_text_color":"#ffffff","secondary_button_background":"#dfdfdf","secondary_button_text_color":"#2e2e2e","product_on_sale_accent":"#de2b2b","product_sold_out_accent":"#5b5b5b","product_custom_label_background":"#051e38","product_custom_label_2_background":"#2e9e7b","product_in_stock_text_color":"#2e9e7b","product_low_stock_text_color":"#de2b2b","heading_font":"futura_n3","heading_font_size":"medium","heading_text_transform":"uppercase","text_font":"din_next_n4","text_font_size":15,"stagger_products_apparition":true,"round_color_swatches":false,"show_vendor":false,"show_secondary_image":true,"product_color_display":"hide","product_image_size":"natural","cart_type":"drawer","cart_icon":"tote_bag","checkout_sidebar_background_color":"#f5f5f5","checkout_accent_color":"#051e38","checkout_button_color":"#051e38","checkout_error_color":"#de2a2a","accent_color":"#405de6","sections":{"announcement-bar":{"type":"announcement-bar","blocks":{"message-1":{"type":"message","settings":{}}},"block_order":["message-1"],"settings":{"announcement_bar_position":"non_sticky","announcement_text_size":"small","autoplay":true,"cycle_speed":5,"background":"#051e38","text_color":"#ffffff","button_background":"#ffffff","button_text_color":"#051e38"}},"header":{"type":"header","settings":{"enable_sticky_header":true,"navigation_menu":"main-menu","header_layout":"logo_center_navigation_inline","show_icons":true,"reduce_desktop_padding":false,"enable_transparent_header":true,"transparent_header_text_color":"#ffffff"}},"footer":{"type":"footer","blocks":{"text":{"type":"text","settings":{}},"links":{"type":"links","settings":{"menu":"footer"}},"newsletter":{"type":"newsletter","settings":{}},"social_media":{"type":"social_media","settings":{}}},"block_order":["text","links","newsletter","social_media"],"settings":{}}}},"Sapphire":{"icon_stroke_width":1.2,"button_border_radius":0,"block_border_radius":"none","heading_color":"#0c1b54","text_color":"#0c1b54","background":"#ffffff","secondary_background":"#f7f7f7","success_color":"#708a7d","error_color":"#d2545a","header_background":"#0c1b54","footer_background":"#0c1b54","footer_text_color":"#ffffff","primary_button_background":"#0c1b54","secondary_button_background":"#f7f7f7","secondary_button_text_color":"#0c1b54","product_rating_color":"#a48156","product_on_sale_accent":"#d2545a","product_custom_label_background":"#405de6","product_custom_label_2_background":"#f3ff34","product_in_stock_text_color":"#2e9e7b","product_low_stock_text_color":"#d2545a","heading_font":"chong_modern_n4","heading_font_size":"large","heading_text_transform":"normal","text_font":"trade_gothic_n4","text_font_size":15,"stagger_products_apparition":true,"round_color_swatches":true,"show_vendor":true,"show_secondary_image":true,"show_product_rating":true,"product_color_display":"hide","product_image_size":"natural","cart_type":"message","checkout_sidebar_background_color":"#f5f5f5","checkout_accent_color":"#282828","checkout_button_color":"#405de6","checkout_error_color":"#de2a2a","accent_color":"#405de6","sections":{"announcement-bar":{"type":"announcement-bar","blocks":{"message-1":{"type":"message","settings":{}}},"block_order":["message-1"],"settings":{"announcement_bar_position":"non_sticky","announcement_text_size":"small","autoplay":true,"cycle_speed":5,"background":"#ffe5db","text_color":"#0c1b54","button_background":"#0c1b54","button_text_color":"#ffffff"}},"header":{"type":"header","settings":{"enable_sticky_header":true,"navigation_menu":"main-menu","header_layout":"logo_center_navigation_inline","show_icons":true,"reduce_desktop_padding":false,"enable_transparent_header":true,"transparent_header_text_color":"#ffffff"}},"footer":{"type":"footer","blocks":{"text":{"type":"text","settings":{}},"links":{"type":"links","settings":{"menu":"footer"}},"newsletter":{"type":"newsletter","settings":{}},"social_media":{"type":"social_media","settings":{}}},"block_order":["text","links","newsletter","social_media"],"settings":{}}}}}}